,global,global,global,global,global,global,global,global,global,global,netw_cost,netw_size,netw_cost,netw_size,netw_cost,netw_size,global,global,tec_cost,tec_sizes,tec_cost,tec_sizes,tec_cost,tec_sizes,tec_cost,tec_sizes,tec_cost,tec_sizes,tec_cost,tec_sizes,tec_cost,tec_sizes,tec_cost,tec_sizes,tec_cost,tec_sizes,tec_cost,tec_sizes,global,global,global,global,global,global,global,global,global,global,global,global,global,global,global,global,global,global,global,global,global,global,global,global,global,global,tec_cost,tec_sizes,tec_cost,tec_sizes,tec_cost,tec_sizes,tec_cost,tec_sizes,netw_cost,netw_size,tec_cost,tec_sizes,tec_cost,tec_sizes,netw_cost,netw_size,netw_cost,netw_size,netw_cost,netw_size,tec_cost,tec_sizes
,global,global,global,global,global,global,global,global,global,global,electricityAC_existing,electricityAC_existing,electricityDC,electricityDC,electricityDC_existing,electricityDC_existing,global,global,PowerPlant_Oil_existing,PowerPlant_Oil_existing,Storage_PumpedHydro_Closed_existing,Storage_PumpedHydro_Closed_existing,Offshore_Wind,Offshore_Wind,Storage_PumpedHydro_Open_existing,Storage_PumpedHydro_Open_existing,PV,PV,PowerPlant_Nuclear_existing,PowerPlant_Nuclear_existing,PowerPlant_Gas_noh2_existing,PowerPlant_Gas_noh2_existing,Storage_PumpedHydro_Reservoir_existing,Storage_PumpedHydro_Reservoir_existing,Onshore_Wind,Onshore_Wind,PowerPlant_Coal_existing,PowerPlant_Coal_existing,global,global,electricity,electricity,electricity,electricity,electricity,electricity,gas,gas,gas,gas,hydrogen,hydrogen,hydrogen,hydrogen,final,final,final,final,final,final,final,final,final,final,Electrolyser_PEM,Electrolyser_PEM,PowerPlant_Gas_existing,PowerPlant_Gas_existing,Storage_Hydrogen,Storage_Hydrogen,FuelCell,FuelCell,electricityAC,electricityAC,Storage_Battery_new,Storage_Battery_new,Storage_Battery_Offshore,Storage_Battery_Offshore,hydrogenPipelineOffshore,hydrogenPipelineOffshore,hydrogenPipelineOnshore_re,hydrogenPipelineOnshore_re,hydrogenPipelineOnshore_new,hydrogenPipelineOnshore_new,Electrolyser_PEM_offshore,Electrolyser_PEM_offshore
,Case,Subcase,objective,cy,Path,total_costs,emissions_net,carbon_costs,carbon_tax,variable_h2_demand,total_cost,size,total_cost,size,total_cost,size,netw_cost_existing,netw_cost_new,total_cost,size,total_cost,size,total_cost,size,total_cost,size,total_cost,size,total_cost,size,total_cost,size,total_cost,size,total_cost,size,total_cost,size,tec_cost_existing,tec_cost_new,generic_production,demand,import_cost,export_cost,import,export,import_cost,export_cost,import,export,import_cost,export_cost,import,export,hydrogen_costs_smr,cost_existing_system,cost_new_system,cost_total,emissions_total,emissions_smr,emissions_other,emission_reduction,cost_reduction,abatement_cost,total_cost,size,total_cost,size,total_cost,size,total_cost,size,total_cost,size,total_cost,size,total_cost,size,total_cost,size,total_cost,size,total_cost,size,total_cost,size
39,All,All,min costs,1995,\\Soliscom.uu.nl\geo\USERS\StaffUsers\6574114\EhubResults\MES NorthSea\20250515\2040\20250630132532_All_costs_cy1995_co2_tax100-1,31553294364.19456,31100693.926731,3249795515.263771,100,0,83303562.0875737,182720.8,3078689228.264485,108942.324717908,50227818.36386615,63280,133531380.4514399,3210813071.51827,1441491.818131036,851,0,662010,8640609851.795057,39132.52496913608,0,89994178,0,0,1302187071.487848,11891,,,0,258578,7748112743.538726,61008.32194359337,41150638.62140041,17042,1783327084.467756,16920734635.91981,941479047.9434669,1595095522.31598,83558248.81026635,0,83558.24881026635,0,6828764708.097364,0,170719117.7024341,0,0,657230280.3339031,0,12937603.94358077,36170714944.18423,12078976937.0906,20131547707.43808,68381239588.71291,112896807.226731,80398852.07409327,32497955.15263774,-43433475.54688968,-28167671519.16632,648.5244588528903,530220080.0244134,7134.005073568193,438547882.5403765,89482.0,1791960.561610537,8977.672778871603,0.0,0.0,111148521.1069861,5835.236201859817,0.0,0.0,4.832831257744584e-08,0.0,0.0,0.0,20975322.14679978,240.9699186526137,0.0,0.0,0.0,0.0
40,All,All,min costs,2008,\\Soliscom.uu.nl\geo\USERS\StaffUsers\6574114\EhubResults\MES NorthSea\20250515\2040\20250701233648_All_costs_cy2008_co2_tax100-1,23138407694.93419,38229138.97638137,3822913897.638195,100,0,83303562.0875737,182720.8,1802167525.321295,55930.62064574879,50227818.36386615,63280,133531380.4514399,1838120063.547735,3627519.475304889,851,0,662010,0.0,0.0,0,89994178,0,0,1174369252.401372,11891,,,0,258578,7454419318.960738,58877.88834797425,83116181.62728377,17042,1768649298.723435,7454419318.960738,1141549860.06686,1590683089.249759,196709017.119985,0,196709.017119985,0,7924064718.492954,0,198101617.9623238,0,0,0.0,0,0.0,36800000000.0,13845868312.42601,9292539382.508472,59938407694.93448,120025252.2763814,81796113.3,38229138.97638138,-49770760.50658225,-27861729338.74436,559.801151905232,0.0,0.0,507536345.2194736,89482.0,0.0,0.0,0.0,0.0,35952538.22644012,3607.914187493329,0.0,0.0,0.0,0.0,0.0,0.0,0.0,0.0,0.0,0.0,0.0,0.0
41,All,All,min costs,2009,\\Soliscom.uu.nl\geo\USERS\StaffUsers\6574114\EhubResults\MES NorthSea\20250515\2040\20250702054904_All_costs_cy2009_co2_tax100-1,26400526773.25101,37894934.97276276,3789493497.276324,100,0,83303562.0875737,182720.8,2096824537.824055,65586.14855469964,50227818.36386615,63280,133531380.4514399,2134449198.210694,1543970.169103862,851,0,662010,12134990.02366406,55.74210756379012,0,89994178,0,0,1199626663.040699,11891,,,0,258578,10527488725.75141,83513.45194330689,44591841.54450192,17042,1756651723.954233,10539623715.77507,1086835729.757738,1594466467.182379,70364311.44880128,0,70364.31144880128,0,7976412946.13471,0,199410323.6533678,0,0,0.0,0,0.0,36800000000.0,13726453859.26551,12674072913.98577,63200526773.25127,119691048.2727628,81796113.3,37894934.97276276,-43506544.59150432,-28074264369.44631,645.288297864149,0.0,0.0,510889249.1999282,89482.0,0.0,0.0,0.0,0.0,37624660.38663834,3059.504318462797,0.0,0.0,0.0,0.0,0.0,0.0,0.0,0.0,0.0,0.0,0.0,0.0
0,Baseline,Baseline,min costs,1995,\\Soliscom.uu.nl\geo\USERS\StaffUsers\6574114\EhubResults\MES NorthSea\20250515\2040\20250526092654_RE_only_costs_cy1995_co2_tax100-1,40213568069.54659,69463331.67984132,6946333167.983396,100,0,83303562.0875737,182720.8,1429888810.890501,59382.82457406828,50227818.36386615,63280,133531380.4514399,1429888810.890501,14807150.8623835,851,0,662010,13014073172.06812,59382.82457406827,0,89994178,0,0,1203231220.352236,11891,882705132.240761,89482.0,0,258578,829516507.6338528,6609.594344798312,298069048.6812307,17042,2398812552.136611,13843589679.70197,924705105.357752,1595095522.31598,1679911584.695646,0,1679911.584695646,0,13781500893.6887,0,344537522.3422174,0,0,0.0,0,0.0,36800000000.0,24940089578.95579,15273478490.59248,77013568069.54826,151259444.9798413,81796113.3,69463331.67984132,-81796113.3,-36800000000.00167,449.8991290698618,,,,,,,,,,,,,,,,,,,,,,
1,Baseline,Baseline,min costs,2008,\\Soliscom.uu.nl\geo\USERS\StaffUsers\6574114\EhubResults\MES NorthSea\20250515\2040\20250526110111_RE_only_costs_cy2008_co2_tax100-1,32076678356.19012,70254491.76979913,7025449176.978948,100,0,83303562.0875737,182720.8,534908731.5406406,18653.26215092163,50227818.36386615,63280,133531380.4514399,534908731.5406406,19625539.30603988,851,0,662010,4012691747.846953,18653.26215092163,0,89994178,0,0,968962213.0009004,11891,865987336.9966519,89482.0,0,258578,1530936615.922421,12214.97639714144,368528708.0758591,17042,2223103797.379451,5543628363.769375,1108974369.421786,1590683089.249759,3095567647.732916,0,3095567.647732916,0,13520489258.33961,0,338012231.4584902,0,0,0.0,0,0.0,36800000000.0,25998141260.88236,6078537095.310016,68876678356.19237,152050605.0697991,81796113.3,70254491.76979913,-81796113.3,-36800000000.00224,449.8991290698618,,,,,,,,,,,,,,,,,,,,,,
2,Baseline,Baseline,min costs,2009,\\Soliscom.uu.nl\geo\USERS\StaffUsers\6574114\EhubResults\MES NorthSea\20250515\2040\20250526120808_RE_only_costs_cy2009_co2_tax100-1,35126262403.80496,76184503.68125844,7618450368.12492,100,0,83303562.0875737,182720.8,537730664.4496115,19259.68938202109,50227818.36386615,63280,133531380.4514399,537730664.4496115,15819408.77421414,851,0,662010,4139778086.094218,19259.68938202109,0,89994178,0,0,1121379610.979922,11891,964583056.1441185,89482.0,0,258578,3208488701.563257,25563.89094142771,338720714.0184915,17042,2440502789.916746,7348266787.657475,1059497854.23525,1594466467.182379,1987935664.663719,0,1987935.664663719,0,15059844748.54205,0,376496118.7135513,0,0,0.0,0,0.0,36800000000.0,27240264951.69888,7885997452.107087,71926262403.80597,157980616.9812585,81796113.3,76184503.68125845,-81796113.30000001,-36800000000.00101,449.8991290698618,,,,,,,,,,,,,,,,,,,,,,
9,Grid Expansion,all,min costs,1995,\\Soliscom.uu.nl\geo\USERS\StaffUsers\6574114\EhubResults\MES NorthSea\20250515\2040\20250603150649_ElectricityGrid_all_costs_cy1995_co2_tax100-1,31570936618.03217,32792946.53832044,3279294653.83182,100,0,83303562.0875737,182720.8,3087352071.61167,109316.4796477466,50227818.36386615,63280,133531380.4514399,3189951490.433405,1322363.492136046,851,0,662010,8354902760.934504,37881.42370125346,0,89994178,0,0,1240829636.972645,11891,441387797.2500253,89482.0,0,258578,7918795074.018483,62565.94505345436,41792866.35461914,17042,1725332664.069425,16273697834.95299,939012520.7247567,1595095522.31598,77828090.78039458,0,77828.09078039459,0,6891300503.513275,0,172282512.5878319,0,0,0.0,0,0.0,36800000000.0,12107287292.64635,19463649325.38639,68370936618.03275,114589059.8383204,81796113.3,32792946.53832044,-45125728.15847911,-28157368548.48615,623.9759400225078,,,,,,,,,102599418.8217349,5386.413035780239,,,,,,,,,,,,
13,Grid Expansion,all,min costs,2008,\\Soliscom.uu.nl\geo\USERS\StaffUsers\6574114\EhubResults\MES NorthSea\20250515\2040\20250603202922_ElectricityGrid_all_costs_cy2008_co2_tax100-1,23073495019.15845,38170082.597362,3817008259.735755,100,0,83303562.0875737,182720.8,1806425829.188901,56029.34296547319,50227818.36386615,63280,133531380.4514399,1842867640.396129,3583076.919665216,851,0,662010,0.0,0.0,0,89994178,0,0,1174018136.935673,11891,506824567.0344526,89482.0,0,258578,7406408802.463008,59010.47334000786,82757396.33358653,17042,1767183177.223377,7406408802.463008,1141561995.867239,1590683089.249759,193543892.6208803,0,193543.8926208803,0,7912951866.2678,0,197823796.656695,0,0,0.0,0,0.0,36800000000.0,13824218576.29925,9249276442.859137,59873495019.15839,119966195.897362,81796113.3,38170082.597362,-49711704.12756287,-27796816662.96827,559.160407436446,,,,,,,,,36441811.20722716,3640.536873811789,,,,,,,,,,,,
15,Grid Expansion,all,min costs,2009,\\Soliscom.uu.nl\geo\USERS\StaffUsers\6574114\EhubResults\MES NorthSea\20250515\2040\20250603233959_ElectricityGrid_all_costs_cy2009_co2_tax100-1,26372584119.50563,37771722.29088902,3777172229.088607,100,0,83303562.0875737,182720.8,2132763364.052033,67123.50695357713,50227818.36386615,63280,133531380.4514399,2167172874.967483,1495844.244804664,851,0,662010,27314612.37577046,126.0732229437967,0,89994178,0,0,1201836959.834673,11891,509443281.3531078,89482.0,0,258578,10490834167.43327,83431.35511129806,43407747.08121365,17042,1756183832.5138,10518148779.80904,1086929568.939089,1594466467.182379,66537686.95149381,0,66537.68695149382,0,7953837335.723774,0,198845933.3930944,0,0,0.0,0,0.0,36800000000.0,13687262464.72911,12685321654.77653,63172584119.50564,119567835.590889,81796113.3,37771722.29088901,-43383331.90963057,-28046321715.70068,646.4768938448527,,,,,,,,,34409510.91544947,2701.779552577058,,,,,,,,,,,,
6,Grid Expansion,no Border,min costs,1995,\\Soliscom.uu.nl\geo\USERS\StaffUsers\6574114\EhubResults\MES NorthSea\20250515\2040\20250603094637_ElectricityGrid_noBorder_costs_cy1995_co2_tax100-1,39507565460.03391,63582734.44316786,6358273444.316061,100,0,83303562.0875737,182720.8,1646547379.178815,68463.05800266535,50227818.36386615,63280,133531380.4514399,1985416109.104281,13784983.36297395,851,0,662010,14695124263.54249,66860.19591021723,0,89994178,0,0,1091693359.995667,11891,806689271.9832637,89482.0,0,258578,0.0,0.0,279767833.7672109,17042,2191935449.109115,14695124263.54249,927392989.5183321,1595095522.31598,1548604532.740967,0,1548604.532740967,0,12594680280.76914,0,314867007.0192286,0,0,0.0,0,0.0,36800000000.0,22827025087.38673,16680540372.64677,76307565460.0335,145378847.7431678,81796113.3,63582734.44316785,-75915516.06332652,-36093997390.4869,475.449543015686,,,,,,,,,338868729.9254658,17869.23379717702,,,,,,,,,,,,
7,Grid Expansion,no Border,min costs,2008,\\Soliscom.uu.nl\geo\USERS\StaffUsers\6574114\EhubResults\MES NorthSea\20250515\2040\20250603124038_ElectricityGrid_noBorder_costs_cy2008_co2_tax100-1,31952259676.06899,69364616.2469155,6936461624.690614,100,0,83303562.0875737,182720.8,555299356.3628955,19789.07438242257,50227818.36386615,63280,133531380.4514399,714368993.7814991,19189385.1596951,851,0,662010,4261583537.906731,19789.07438242257,0,89994178,0,0,957514327.010212,11891,854533577.178294,89482.0,0,258578,1261598296.251097,10058.69958103289,363421249.8195269,17042,2194658539.167728,5523181834.157828,1112933086.685955,1590683089.249759,3108393335.386663,0,3108393.335386663,0,13341663968.4355,0,333541599.2108876,0,0,0.0,0,0.0,36800000000.0,25714708848.13194,6237550827.939327,68752259676.07127,151160729.5469155,81796113.3,69364616.2469155,-80906237.77711637,-36675581319.88115,453.3096857129855,,,,,,,,,159069637.4186037,8383.123040123908,,,,,,,,,,,,
8,Grid Expansion,no Border,min costs,2009,\\Soliscom.uu.nl\geo\USERS\StaffUsers\6574114\EhubResults\MES NorthSea\20250515\2040\20250603144851_ElectricityGrid_noBorder_costs_cy2009_co2_tax100-1,34655495126.92192,71961669.8693911,7196166986.938144,100,0,83303562.0875737,182720.8,606271995.4831166,22798.18912095639,50227818.36386615,63280,133531380.4514399,914162115.805213,14626447.39613326,851,0,662010,4908149410.984854,22798.18912095639,0,89994178,0,0,1078025815.567208,11891,913392880.8044521,89482.0,0,258578,3230101657.751813,25726.35397450551,318905984.7087001,17042,2324951128.476493,8138251068.736667,1063420753.325481,1594466467.182379,1687809795.392304,0,1687809.795392304,0,14260622651.12337,0,356515566.2780843,0,0,0.0,0,0.0,36800000000.0,25603081942.38175,9052413184.54188,71455495126.92363,153757783.1693911,81796113.3,71961669.8693911,-77573279.48813266,-36329232723.11867,468.321478624102,,,,,,,,,307890120.3220963,18709.34062680919,,,,,,,,,,,,
24,Grid Expansion,offshore only,min costs,1995,\\Soliscom.uu.nl\geo\USERS\StaffUsers\6574114\EhubResults\MES NorthSea\20250515\2040\20250604112742_ElectricityGrid_off_costs_cy1995_co2_tax100-1,31587974922.96365,33078342.14969863,3307834214.969637,100,0,83303562.0875737,182720.8,3186899555.608848,112163.835300501,50227818.36386615,63280,133531380.4514399,3186899555.608848,1265015.293771038,851,0,662010,8265729968.778149,37477.6209528556,0,89994178,0,0,1238893385.617517,11891,445144226.0264985,89482.0,0,258578,7937221283.440228,62712.4744696427,42673091.45662998,17042,1727975718.394417,16202951252.21838,938961075.1153314,1595095522.31598,78833917.22227009,0,78833.91722227009,0,6949948884.098337,0,173748722.1024584,0,0,0.0,0,0.0,36800000000.0,12198124115.1361,19389850807.82722,68387974922.96333,114874455.4496986,81796113.3,33078342.14969863,-45411123.7698573,-28174406853.41673,620.4296298193368,,,,,,,,,0.0,0.0,,,,,,,,,,,,
25,Grid Expansion,offshore only,min costs,2008,\\Soliscom.uu.nl\geo\USERS\StaffUsers\6574114\EhubResults\MES NorthSea\20250515\2040\20250605024408_ElectricityGrid_off_costs_cy2008_co2_tax100-1,23094777063.63517,38393216.00551435,3839321600.550981,100,0,83303562.0875737,182720.8,1836694912.762217,56681.96548843475,50227818.36386615,63280,133531380.4514399,1836694912.762217,3618344.849583713,851,0,662010,0.0,0.0,0,89994178,0,0,1177412824.839017,11891,509943961.1088631,89482.0,0,258578,7353751395.887065,58590.40196456858,82161449.826062,17042,1773136580.623525,7353751395.887065,1141467812.31004,1590683089.249759,196686843.4947677,0,196686.8434947677,0,7961654349.865155,0,199041358.7466289,0,0,0.0,0,0.0,36800000000.0,13904330754.98587,9190446308.64928,59894777063.63515,120189329.3055144,81796113.3,38393216.00551435,-49934837.53571522,-27818098707.44503,557.0879934966446,,,,,,,,,0.0,0.0,,,,,,,,,,,,
26,Grid Expansion,offshore only,min costs,2009,\\Soliscom.uu.nl\geo\USERS\StaffUsers\6574114\EhubResults\MES NorthSea\20250515\2040\20250605045631_ElectricityGrid_off_costs_cy2009_co2_tax100-1,26376733677.69331,37647753.96462763,3764775396.462482,100,0,83303562.0875737,182720.8,2185999842.060463,68886.18921062037,50227818.36386615,63280,133531380.4514399,2185999842.060463,1460300.889422009,851,0,662010,0.0,0.0,0,89994178,0,0,1200546415.506063,11891,507880543.2590455,89482.0,0,258578,10544336164.59789,83857.94722886871,42632946.23727547,17042,1752520205.891805,10544336164.59789,1086859378.399994,1594466467.182379,66132073.72427451,0,66132.07372427451,0,7929438614.505004,0,198235965.3626251,0,0,0.0,0,0.0,36800000000.0,13646397671.03501,12730336006.65836,63176733677.69336,119443867.2646276,81796113.3,37647753.96462764,-43259363.5833692,-28050471273.8884,648.4254200778356,,,,,,,,,0.0,0.0,,,,,,,,,,,,
19,Grid Expansion,onshore only,min costs,1995,\\Soliscom.uu.nl\geo\USERS\StaffUsers\6574114\EhubResults\MES NorthSea\20250515\2040\20250604063816_ElectricityGrid_on_costs_cy1995_co2_tax100-1,39399610352.84888,63233803.02920742,6323380302.920153,100,0,83303562.0875737,182720.8,1573847745.560263,66815.44529834324,50227818.36386615,63280,133531380.4514399,2005637179.605679,13641483.84644373,851,0,662010,14687248454.98916,66815.44529834326,0,89994178,0,0,1105899869.763349,11891,803544127.1893077,89482.0,0,258578,0.0,0.0,272635373.5772669,17042,2195720854.376367,14687248454.98916,927238433.8043694,1595095522.31598,1508516424.233361,0,1508516.424233361,0,12545575756.27334,0,313639393.9068335,0,0,0.0,0,0.0,36800000000.0,22706724718.25466,16692885634.59484,76199610352.8495,145029916.3292074,81796113.3,63233803.02920742,-75566584.6493661,-35986042283.30291,476.2163366652072,,,,,,,,,431789434.0454163,24806.96224645971,,,,,,,,,,,,
20,Grid Expansion,onshore only,min costs,2008,\\Soliscom.uu.nl\geo\USERS\StaffUsers\6574114\EhubResults\MES NorthSea\20250515\2040\20250604082642_ElectricityGrid_on_costs_cy2008_co2_tax100-1,31854908771.98285,68216307.63536948,6821630763.535975,100,0,83303562.0875737,182720.8,533714682.1787606,19361.31911860665,50227818.36386615,63280,133531380.4514399,785867910.7056483,19155256.2220937,851,0,662010,4003936791.940727,18619.12589921859,0,89994178,0,0,947054497.7542422,11891,841483642.3713758,89482.0,0,258578,1777262836.415744,14169.77340538483,352150435.1745396,17042,2159843831.522251,5781199628.35647,1113013710.673745,1590683089.249759,3034917343.730778,0,3034917.343730778,0,13137917913.68268,0,328447947.842067,0,0,0.0,0,0.0,36800000000.0,25287841232.92312,6567067539.062119,68654908771.98524,150012420.9353695,81796113.3,68216307.6353695,-79757929.16557036,-36578230415.79512,458.6155994095584,,,,,,,,,252153228.5268877,14927.13073152985,,,,,,,,,,,,
22,Grid Expansion,onshore only,min costs,2009,\\Soliscom.uu.nl\geo\USERS\StaffUsers\6574114\EhubResults\MES NorthSea\20250515\2040\20250604100024_ElectricityGrid_on_costs_cy2009_co2_tax100-1,34441163991.52005,70738105.89426473,7073810589.425509,100,0,83303562.0875737,182720.8,530641374.3053968,20229.16888075488,50227818.36386615,63280,133531380.4514399,941528361.5258588,14185147.34366779,851,0,662010,4253420214.686999,19788.27720358548,0,89994178,0,0,1074945856.702166,11891,898597106.7963023,89482.0,0,258578,4069317699.031962,32419.58475876086,310276205.8873265,17042,2298004316.729463,8322737913.718962,1063453236.731607,1594466467.182379,1641932275.942049,0,1641932.275942049,0,14029619153.72837,0,350740478.8432094,0,0,0.0,0,0.0,36800000000.0,25176897716.27684,9264266275.24482,71241163991.52167,152534219.1942647,81796113.3,70738105.89426471,-76349715.51300627,-36114901587.71671,473.0194620239321,,,,,,,,,410886987.220462,26175.3444127087,,,,,,,,,,,,
29,Hydrogen,all,min costs,1995,\\Soliscom.uu.nl\geo\USERS\StaffUsers\6574114\EhubResults\MES NorthSea\20250515\2040\20250624023833_Hydrogen_Baseline_costs_cy1995_co2_tax100-1,39698489893.53133,55685124.0193188,6201492181.697184,100,0,83303562.0875737,182720.8,1650248343.521758,69055.68331902676,50227818.36386615,63280,133531380.4514399,1711131637.709761,13072986.34926147,851,0,662010,15318810294.31163,69055.68331902676,0,89994178,0,0,1378113276.117562,11891,,,0,258578,1016455416.12649,8079.52458158018,262749125.6034496,17042,2460582407.865439,18370986512.67905,940810470.4062396,1595095522.31598,1482553967.15593,0,1482553.96715593,0,12315561140.42418,0,307889028.5106044,0,0,2977349334.451159,0,58609238.8671488,33949246621.50188,22593721077.59417,20082118150.38881,76625085849.48486,137481237.3193188,75466315.50234793,62014921.81697087,-68017905.63947748,-36411517779.93827,535.3225337457463,2014997667.755784,27025.48396373123,806647019.7951659,89482.0,20723134.48514459,103464.1797767108,0.0,0.0,,,,,,,0.0,0.0,40175750.8054129,4685.921168526167,20707543.38258986,5.0,0.0,0.0
32,Hydrogen,all,min costs,2008,\\Soliscom.uu.nl\geo\USERS\StaffUsers\6574114\EhubResults\MES NorthSea\20250515\2040\20250624163358_Hydrogen_Baseline_costs_cy2008_co2_tax100-1,31079974128.18762,50910130.04822813,6157745824.430373,100,0,83303562.0875737,182720.8,574123333.3337245,20026.38571457945,50227818.36386615,63280,133531380.4514399,615046061.2275804,16791468.27140909,851,0,662010,4394053345.289231,20026.38571457945,0,89994178,0,0,1298262412.132349,11891,,,0,258578,4917194441.097795,39108.95267230665,325064140.4811257,17042,2416152916.101225,12413257908.40663,1157693552.881248,1590683089.249759,2475456690.954252,0,2475456.690954252,0,11886378461.06661,0,297159461.5266652,0,0,5017595114.450273,0,98771557.37106836,31995751449.47124,23069265273.0039,13028303969.63421,68093320692.10934,132706243.3482281,71128785.10392462,61577458.24430351,-62451751.578429,-36016642335.91922,576.7114801839347,3080812997.191333,41420.29548387472,776034895.2163411,89482.0,21197124.82827122,106187.2836336248,0.0,0.0,,,,,,,0.0,0.0,40922727.89385589,4664.046380072635,0.0,0.0,0.0,0.0
35,Hydrogen,all,min costs,2009,\\Soliscom.uu.nl\geo\USERS\StaffUsers\6574114\EhubResults\MES NorthSea\20250515\2040\20250625001959_Hydrogen_Baseline_costs_cy2009_co2_tax100-1,34570956727.36954,65465604.03685005,7187346168.681265,100,0,83303562.0875737,182720.8,577775943.1971426,20983.69075446726,50227818.36386615,63280,133531380.4514399,604721592.5668252,13750468.37900872,851,0,662010,4570453751.087873,20983.69075446726,0,89994178,0,0,1296559420.39158,11891,,,0,258578,4648276252.974627,37038.37258137266,308105130.1454325,17042,2532722188.1796,11160731513.61357,1092661881.263449,1594466467.182379,1696792907.556854,0,1696792.907556854,0,14269177352.41471,0,356729433.8103679,0,0,3014066376.094128,0,59332015.27744346,33914090776.90515,25819569997.28387,11765453106.1804,71499113880.36942,147261717.33685,75388255.6500361,71873461.68681395,-71077213.6555916,-36372851476.56445,511.7371578041874,1942001509.551072,26132.77099370228,914307169.2635789,89482.0,0.0,0.0,0.0,0.0,,,,,,,0.0,0.0,26945649.36968261,6254.156965699951,0.0,0.0,0.0,0.0
3,Hydrogen,local use only,min costs,1995,\\Soliscom.uu.nl\geo\USERS\StaffUsers\6574114\EhubResults\MES NorthSea\20250515\2040\20250527040329_Hydrogen_H4_costs_cy1995_co2_tax100-1,39644416595.6222,55722377.5975607,6291060451.855072,100,0,83303562.0875737,182720.8,1648829770.19933,69140.9830318204,50227818.36386615,63280,133531380.4514399,1648829770.19933,12977186.92388972,851,0,662010,15355997133.61691,69140.98303182039,0,89994178,0,0,1385337179.87128,11891,,,0,258578,1048897159.557391,8332.757587194965,260373437.8155239,17042,2464203639.212257,18500373303.66544,940939287.4287572,1595095522.31598,1472386682.89463,0,1472386.68289463,0,12515160326.48068,0,312879008.1620169,0,0,3381128959.136092,0,66557656.67590733,33562635579.28387,22876342480.89408,20149203073.86477,76588181134.04272,137518490.8975607,74607886.379002,62910604.51855868,-68055159.21771936,-36374613064.49613,534.4872247524982,2089320164.452801,28054.50110004677,805515834.6015635,89482.0,6158846.038335775,30791.99558631938,0.0,0.0,,,,,,,,,,,,,,
4,Hydrogen,local use only,min costs,2008,\\Soliscom.uu.nl\geo\USERS\StaffUsers\6574114\EhubResults\MES NorthSea\20250515\2040\20250527061420_Hydrogen_H4_costs_cy2008_co2_tax100-1,31031736453.94878,50725331.99716777,6185640602.613088,100,0,83303562.0875737,182720.8,587980096.2389628,20528.75722241133,50227818.36386615,63280,133531380.4514399,587980096.2389628,16729635.19780696,851,0,662010,4483421251.55858,20528.75722241132,0,89994178,0,0,1299081530.798319,11891,,,0,258578,4910508893.052337,38803.12763635731,323408943.6235718,17042,2413232882.999757,12537225917.58644,1157820454.603633,1590683089.249759,2456137640.293112,0,2456137.640293112,0,11953715347.39398,0,298842883.6848495,0,0,5235727413.625946,0,103065500.2682273,31786894066.95342,23142257853.75138,13125206013.8254,68054357934.5302,132521445.2971678,70665039.27103145,61856406.02613632,-62266953.52736865,-35977679578.34009,577.7973269416711,3129263545.368461,42018.41779422457,774012773.38006,89482.0,14032227.60706184,70156.04674209922,0.0,0.0,,,,,,,,,,,,,,
5,Hydrogen,local use only,min costs,2009,\\Soliscom.uu.nl\geo\USERS\StaffUsers\6574114\EhubResults\MES NorthSea\20250515\2040\20250527083233_Hydrogen_H4_costs_cy2009_co2_tax100-1,34530406342.34489,64634553.8610393,7083898732.428751,100,0,83303562.0875737,182720.8,583356961.8037378,21260.97482125534,50227818.36386615,63280,133531380.4514399,583356961.8037378,13601233.02772952,851,0,662010,4623790097.279939,21260.97482125534,0,89994178,0,0,1300284540.143482,11891,,,0,258578,4709771471.50945,37357.79398766302,305587528.0343126,17042,2530433314.366567,11373074160.46116,1093191094.4337,1594466467.182379,1688477711.599956,0,1688477.711599956,0,14056015747.283,0,351400393.6820751,0,0,2918381666.049191,0,57448457.99309431,34005707003.21589,25492356886.12971,11956431122.26489,71454495011.6105,146430667.1610393,75591679.83674581,70838987.32429348,-70246163.47978085,-36328232607.80554,517.1561129680492,2022321242.650302,27154.86812019544,910960013.161042,89482.0,17191349.02146751,85950.50759459229,0.0,0.0,,,,,,,,,,,,,,
28,Hydrogen,no hydrogen offshore,min costs,1995,\\Soliscom.uu.nl\geo\USERS\StaffUsers\6574114\EhubResults\MES NorthSea\20250515\2040\20250623201857_Hydrogen_H2_costs_cy1995_co2_tax100-1,39698489893.53141,55685124.01931889,6201492181.697185,100,0,83303562.0875737,182720.8,1650248343.521758,69055.68331902675,50227818.36386615,63280,133531380.4514399,1711131637.709761,13072986.34926147,851,0,662010,15318810294.31163,69055.68331902675,0,89994178,0,0,1378113276.117562,11891,,,0,258578,1016455416.126491,8079.524581580182,262749125.6034496,17042,2460582407.865439,18370986512.67904,940794163.3626655,1595095522.31598,1482553967.15593,0,1482553.96715593,0,12315561140.42418,0,307889028.5106044,0,0,2977349334.451123,0,58609238.86714809,33949246621.50191,22593721077.59417,20082118150.3888,76625085849.4849,137481237.3193189,75466315.502348,62014921.81697088,-68017905.63947757,-36411517779.9383,535.3225337457463,2014997667.755783,27025.48396373122,806647019.795166,89482.0,20723134.48514459,103464.1797767107,0.0,0.0,,,,,,,0.0,0.0,40175750.8054129,4685.921168526167,20707543.38258986,5.0,0.0,0.0
31,Hydrogen,no hydrogen offshore,min costs,2008,\\Soliscom.uu.nl\geo\USERS\StaffUsers\6574114\EhubResults\MES NorthSea\20250515\2040\20250624121242_Hydrogen_H2_costs_cy2008_co2_tax100-1,31079974128.18761,50910130.04822813,6157745824.430373,100,0,83303562.0875737,182720.8,574123333.3337245,20026.38571457945,50227818.36386615,63280,133531380.4514399,615046061.2275804,16791468.27140909,851,0,662010,4394053345.289231,20026.38571457945,0,89994178,0,0,1298262412.132349,11891,,,0,258578,4917194441.097795,39108.95267230665,325064140.4811257,17042,2416152916.101225,12413257908.40663,1157693552.881248,1590683089.249759,2475456690.954252,0,2475456.690954252,0,11886378461.06661,0,297159461.5266652,0,0,5017595114.450273,0,98771557.37106836,31995751449.47124,23069265273.0039,13028303969.63421,68093320692.10934,132706243.3482281,71128785.10392462,61577458.24430351,-62451751.578429,-36016642335.91922,576.7114801839347,3080812997.191333,41420.29548387472,776034895.2163411,89482.0,21197124.82827122,106187.2836336248,0.0,0.0,,,,,,,0.0,0.0,40922727.89385589,4664.046380072635,0.0,0.0,0.0,0.0
34,Hydrogen,no hydrogen offshore,min costs,2009,\\Soliscom.uu.nl\geo\USERS\StaffUsers\6574114\EhubResults\MES NorthSea\20250515\2040\20250624225610_Hydrogen_H2_costs_cy2009_co2_tax100-1,34570956727.36957,65465604.03685005,7187346168.681265,100,0,83303562.0875737,182720.8,577775943.1971426,20983.69075446726,50227818.36386615,63280,133531380.4514399,604721592.5668252,13750468.37900872,851,0,662010,4570453751.087873,20983.69075446726,0,89994178,0,0,1296559420.39158,11891,,,0,258578,4648276252.974627,37038.37258137266,308105130.1454325,17042,2532722188.1796,11160731513.61357,1092661881.263449,1594466467.182379,1696792907.556854,0,1696792.907556854,0,14269177352.41471,0,356729433.8103679,0,0,3014066376.094128,0,59332015.27744346,33914090776.90515,25819569997.28387,11765453106.1804,71499113880.36942,147261717.33685,75388255.6500361,71873461.68681395,-71077213.6555916,-36372851476.56445,511.7371578041874,1942001509.551072,26132.77099370228,914307169.2635789,89482.0,0.0,0.0,0.0,0.0,,,,,,,0.0,0.0,26945649.36968261,6254.156965699951,0.0,0.0,0.0,0.0
36,Hydrogen,no hydrogen onshore,min costs,1995,\\Soliscom.uu.nl\geo\USERS\StaffUsers\6574114\EhubResults\MES NorthSea\20250515\2040\20250626151610_Hydrogen_H3_costs_cy1995_co2_tax100-1,40476558624.71574,62633939.84526543,6561275981.736441,100,0,83303562.0875737,182720.8,1524898425.194318,63611.14581169865,50227818.36386615,63280,133531380.4514399,2025313743.320441,13478638.80668696,851,0,662010,14072199679.04543,63746.75249290912,0,89994178,0,0,1331518347.237026,11891,,,0,258578,902371325.6981779,7139.12402270696,281009526.0297187,17042,2474225272.21847,16087486261.919,934647410.9027791,1595095522.31598,1574262404.217854,0,1574262.404217854,0,13021612234.39511,0,325540305.8598779,0,0,1401148653.542837,0,27581666.40832357,35458427745.89914,23764907273.01932,18112800005.23944,77336135024.1579,144430053.1452654,78817293.32790105,65612759.81736438,-74966721.4654241,-37122566954.61131,495.1872839016128,,,848218760.1450384,89482.0,15731004.75894774,78841.99061614735,0.0,0.0,,,,,,,432163646.8787477,8230.554609049674,47548570.76879776,4098.897846696676,20703100.47857708,3.0,1097184252.416445,12565.73222755675
37,Hydrogen,no hydrogen onshore,min costs,2008,\\Soliscom.uu.nl\geo\USERS\StaffUsers\6574114\EhubResults\MES NorthSea\20250515\2040\20250628195352_Hydrogen_H3_costs_cy2008_co2_tax100-1,32074062436.81453,70176875.33904089,7017687533.903963,100,0,83303562.0875737,182720.8,540469422.7007011,18849.23130267292,50227818.36386615,63280,133531380.4514399,540469422.7007011,19595560.57908824,851,0,662010,4048526321.533002,18849.23130267292,0,89994178,0,0,967151590.9871464,11891,,,0,258578,1527267864.663774,12160.73610142046,367997213.0091292,17042,2219946925.41039,5575794186.196776,1109654458.125761,1590683089.249759,3078396285.028555,0,3078396.285028555,0,13508236703.12278,0,337705917.5780695,0,0,0.0,0,0.0,36800000000.0,25957798827.91713,6116263608.897477,68874062436.8146,151972988.6390409,81796113.3,70176875.33904089,-81718496.86924176,-36797384080.62448,450.2944306599276,,,865202560.8350266,89482.0,0.0,0.0,0.0,0.0,,,,,,,0.0,0.0,0.0,0.0,0.0,0.0,0.0,0.0
38,Hydrogen,no hydrogen onshore,min costs,2009,\\Soliscom.uu.nl\geo\USERS\StaffUsers\6574114\EhubResults\MES NorthSea\20250515\2040\20250628231153_Hydrogen_H3_costs_cy2009_co2_tax100-1,35101758151.5945,75986227.42426892,7598622742.426691,100,0,83303562.0875737,182720.8,538535572.3751563,19408.25771002649,50227818.36386615,63280,133531380.4514399,538535572.3751563,15814709.83696717,851,0,662010,4156637188.651294,19408.25771002649,0,89994178,0,0,1119230678.762054,11891,,,0,258578,3234411166.162343,25861.37870763314,337144623.5146651,17042,2434369535.356224,7391048354.813637,1059964677.351703,1594466467.182379,1983331702.118327,0,1983331.702118327,0,15022318864.0521,0,375557971.6013025,0,0,0.0,0,0.0,36800000000.0,27172174224.40479,7929583927.188793,71901758151.59358,157782340.7242689,81796113.3,75986227.42426892,-81597837.04301047,-36775495747.78862,450.692041603995,,,962179523.2425374,89482.0,0.0,0.0,0.0,0.0,,,,,,,0.0,0.0,0.0,0.0,0.0,0.0,0.0,0.0
27,Hydrogen,no storage,min costs,1995,\\Soliscom.uu.nl\geo\USERS\StaffUsers\6574114\EhubResults\MES NorthSea\20250515\2040\20250623175002_Hydrogen_H1_costs_cy1995_co2_tax100-1,39677252255.63216,56194549.28481194,6323313109.683203,100,0,83303562.0875737,182720.8,1650252900.119989,69029.85182464778,50227818.36386615,63280,133531380.4514399,1670929844.049519,13076297.82627771,851,0,662010,15312592890.57869,69029.85182464778,0,89994178,0,0,1377667717.649203,11891,,,0,258578,1016173828.109645,8077.34565120526,262775210.177738,17042,2460192647.06978,18341226817.8877,940685273.882509,1595095522.31598,1482765502.604996,0,1482765.502604996,0,12576033287.68744,0,314400832.1921861,0,0,3310740333.801735,0,65172053.81499479,33630031302.43865,22975835927.49686,20012156661.93722,76618023891.87274,137990662.5848119,74757531.48798056,63233131.09683137,-68527330.9049706,-36404455822.32615,531.2399489482525,2012460099.199369,26986.94246729965,806673421.4165608,89482.0,0.0,0.0,0.0,0.0,,,,,,,0.0,0.0,20676943.92952989,3075.344737128103,0.0,0.0,0.0,0.0
30,Hydrogen,no storage,min costs,2008,\\Soliscom.uu.nl\geo\USERS\StaffUsers\6574114\EhubResults\MES NorthSea\20250515\2040\20250624100340_Hydrogen_H1_costs_cy2008_co2_tax100-1,31068806376.37468,51362195.72836471,6263831587.405018,100,0,83303562.0875737,182720.8,575931153.1252471,20096.19820449903,50227818.36386615,63280,133531380.4514399,589662001.5187002,16784027.21908138,851,0,662010,4409357287.656709,20096.19820449903,0,89994178,0,0,1297866907.553132,11891,,,0,258578,4899465312.482626,38968.15468135047,324963402.7658253,17042,2415593000.472846,12382639864.13224,1157514571.169857,1590683089.249759,2473617373.908753,0,2473617.373908754,0,12113883977.75253,0,302847099.4438134,0,0,5303952809.266932,0,104408519.8674593,31721569593.64678,23400457319.99059,12972301865.65094,68094328779.28831,133158309.0283647,70519993.1543144,62638315.87405032,-62903817.25856559,-36017650423.09819,572.5829073774648,3073817263.992904,41324.04169021195,775978662.9348075,89482.0,0.0,0.0,0.0,0.0,,,,,,,0.0,0.0,13730848.3934531,3408.939726387619,0.0,0.0,0.0,0.0
33,Hydrogen,no storage,min costs,2009,\\Soliscom.uu.nl\geo\USERS\StaffUsers\6574114\EhubResults\MES NorthSea\20250515\2040\20250624201131_Hydrogen_H1_costs_cy2009_co2_tax100-1,34570956727.36962,65465604.03685024,7187346168.681311,100,0,83303562.0875737,182720.8,577775943.1971426,20983.69075446726,50227818.36386615,63280,133531380.4514399,604721592.5668252,13750468.37900872,851,0,662010,4570453751.087873,20983.69075446726,0,89994178,0,0,1296559420.39158,11891,,,0,258578,4648276252.974645,37038.37258137266,308105130.1454325,17042,2532722188.179595,11160731513.61359,1092661881.263449,1594466467.182379,1696792907.556854,0,1696792.907556854,0,14269177352.41471,0,356729433.8103679,0,0,3014066376.094128,0,59332015.27744346,33914090776.90515,25819569997.28391,11765453106.18042,71499113880.36948,147261717.3368502,75388255.6500361,71873461.68681413,-71077213.65559179,-36372851476.56451,511.7371578041874,1942001509.551072,26132.77099370228,914307169.2635745,89482.0,0.0,0.0,0.0,0.0,,,,,,,0.0,0.0,26945649.36968261,6254.156965699951,0.0,0.0,0.0,0.0
18,Storage,all,min costs,1995,\\Soliscom.uu.nl\geo\USERS\StaffUsers\6574114\EhubResults\MES NorthSea\20250515\2040\20250604060823_Battery_all_costs_cy1995_co2_tax100-1,40213568069.54655,69463331.67984135,6946333167.983383,100,0,83303562.0875737,182720.8,1429888810.890501,59382.82457406828,50227818.36386615,63280,133531380.4514399,1429888810.890501,14807150.8623835,851,0,662010,13014073172.06813,59382.82457406828,0,89994178,0,0,1203231220.352237,11891,882705132.240761,89482.0,0,258578,829516507.6338528,6609.594344798312,298069048.6812306,17042,2398812552.136612,13843589679.70198,924835518.1080755,1595095522.31598,1679911584.695645,0,1679911.584695645,0,13781500893.68869,0,344537522.3422173,0,0,0.0,0,0.0,36800000000.0,24940089578.95577,15273478490.59248,77013568069.54825,151259444.9798414,81796113.3,69463331.67984135,-81796113.30000003,-36800000000.00166,449.8991290698618,,,,,,,,,,,0.0,0.0,-1.247443556457189e-10,0.0,,,,,,,,
21,Storage,all,min costs,2008,\\Soliscom.uu.nl\geo\USERS\StaffUsers\6574114\EhubResults\MES NorthSea\20250515\2040\20250604084422_Battery_all_costs_cy2008_co2_tax100-1,32076678356.19013,70254491.76979919,7025449176.978959,100,0,83303562.0875737,182720.8,534908731.5406406,18653.26215092163,50227818.36386615,63280,133531380.4514399,534908731.5406406,19625539.30603988,851,0,662010,4012691747.846953,18653.26215092163,0,89994178,0,0,968962213.0008999,11891,865987336.9966519,89482.0,0,258578,1530936615.92242,12214.97639714143,368528708.0758591,17042,2223103797.379451,5543628363.769374,1109108833.265998,1590683089.249759,3095567647.732916,0,3095567.647732916,0,13520489258.33961,0,338012231.4584903,0,0,0.0,0,0.0,36800000000.0,25998141260.88237,6078537095.310015,68876678356.19238,152050605.0697992,81796113.3,70254491.76979919,-81796113.30000006,-36800000000.00226,449.8991290698618,,,,,,,,,,,0.0,0.0,2.121370730011178e-10,0.0,,,,,,,,
23,Storage,all,min costs,2009,\\Soliscom.uu.nl\geo\USERS\StaffUsers\6574114\EhubResults\MES NorthSea\20250515\2040\20250604105010_Battery_all_costs_cy2009_co2_tax100-1,35126262403.80495,76184503.68125844,7618450368.124915,100,0,83303562.0875737,182720.8,537730664.4496115,19259.68938202109,50227818.36386615,63280,133531380.4514399,537730664.4496115,15819408.77421414,851,0,662010,4139778086.094218,19259.68938202109,0,89994178,0,0,1121379610.979922,11891,964583056.1441185,89482.0,0,258578,3208488701.563259,25563.89094142772,338720714.0184915,17042,2440502789.916746,7348266787.657476,1059610717.597449,1594466467.182379,1987935664.663719,0,1987935.664663719,0,15059844748.54205,0,376496118.7135513,0,0,0.0,0,0.0,36800000000.0,27240264951.69887,7885997452.107088,71926262403.80595,157980616.9812585,81796113.3,76184503.68125845,-81796113.30000001,-36800000000.00099,449.8991290698618,,,,,,,,,,,0.0,0.0,-1.472365554317581e-11,0.0,,,,,,,,
14,Storage,offshore only,min costs,1995,\\Soliscom.uu.nl\geo\USERS\StaffUsers\6574114\EhubResults\MES NorthSea\20250515\2040\20250603233247_Battery_off_costs_cy1995_co2_tax100-1,40213568069.5466,69463331.67984135,6946333167.98339,100,0,83303562.0875737,182720.8,1429888810.890501,59382.82457406828,50227818.36386615,63280,133531380.4514399,1429888810.890501,14807150.8623835,851,0,662010,13014073172.06812,59382.82457406828,0,89994178,0,0,1203231220.352236,11891,882705132.240761,89482.0,0,258578,829516507.6338531,6609.594344798314,298069048.6812307,17042,2398812552.136611,13843589679.70197,924837626.7291778,1595095522.31598,1679911584.695646,0,1679911.584695646,0,13781500893.6887,0,344537522.3422174,0,0,0.0,0,0.0,36800000000.0,24940089578.95578,15273478490.59248,77013568069.54825,151259444.9798414,81796113.3,69463331.67984135,-81796113.30000003,-36800000000.00166,449.8991290698618,,,,,,,,,,,,,-3.069959278047809e-10,0.0,,,,,,,,
16,Storage,offshore only,min costs,2008,\\Soliscom.uu.nl\geo\USERS\StaffUsers\6574114\EhubResults\MES NorthSea\20250515\2040\20250604020832_Battery_off_costs_cy2008_co2_tax100-1,32076678356.19013,70254491.76979916,7025449176.978962,100,0,83303562.0875737,182720.8,534908731.5406406,18653.26215092163,50227818.36386615,63280,133531380.4514399,534908731.5406406,19625539.30603988,851,0,662010,4012691747.846953,18653.26215092163,0,89994178,0,0,968962213.0008999,11891,865987336.9966519,89482.0,0,258578,1530936615.922421,12214.97639714144,368528708.0758591,17042,2223103797.379451,5543628363.769375,1109073897.883669,1590683089.249759,3095567647.732916,0,3095567.647732916,0,13520489258.33961,0,338012231.4584903,0,0,0.0,0,0.0,36800000000.0,25998141260.88238,6078537095.310016,68876678356.1924,152050605.0697992,81796113.3,70254491.76979916,-81796113.30000003,-36800000000.00227,449.8991290698618,,,,,,,,,,,,,-1.023757487103614e-16,0.0,,,,,,,,
17,Storage,offshore only,min costs,2009,\\Soliscom.uu.nl\geo\USERS\StaffUsers\6574114\EhubResults\MES NorthSea\20250515\2040\20250604040513_Battery_off_costs_cy2009_co2_tax100-1,35126262403.80495,76184503.68125844,7618450368.124916,100,0,83303562.0875737,182720.8,537730664.4496114,19259.68938202108,50227818.36386615,63280,133531380.4514399,537730664.4496114,15819408.77421414,851,0,662010,4139778086.094218,19259.68938202108,0,89994178,0,0,1121379610.979922,11891,964583056.1441185,89482.0,0,258578,3208488701.563262,25563.89094142774,338720714.0184915,17042,2440502789.916747,7348266787.65748,1059595743.30284,1594466467.182379,1987935664.663719,0,1987935.664663719,0,15059844748.54205,0,376496118.7135513,0,0,0.0,0,0.0,36800000000.0,27240264951.69887,7885997452.107092,71926262403.80595,157980616.9812585,81796113.3,76184503.68125845,-81796113.30000001,-36800000000.00099,449.8991290698618,,,,,,,,,,,,,-2.061771263591551e-10,0.0,,,,,,,,
10,Storage,onshore only,min costs,1995,\\Soliscom.uu.nl\geo\USERS\StaffUsers\6574114\EhubResults\MES NorthSea\20250515\2040\20250603165259_Battery_on_costs_cy1995_co2_tax100-1,40213568069.5466,69463331.67984135,6946333167.983396,100,0,83303562.0875737,182720.8,1429888810.890501,59382.82457406828,50227818.36386615,63280,133531380.4514399,1429888810.890501,14807150.8623835,851,0,662010,13014073172.06813,59382.82457406828,0,89994178,0,0,1203231220.352236,11891,882705132.240761,89482.0,0,258578,829516507.6338528,6609.594344798312,298069048.6812306,17042,2398812552.136611,13843589679.70198,924710688.9225597,1595095522.31598,1679911584.695646,0,1679911.584695646,0,13781500893.6887,0,344537522.3422174,0,0,0.0,0,0.0,36800000000.0,24940089578.95579,15273478490.59248,77013568069.54826,151259444.9798414,81796113.3,69463331.67984135,-81796113.30000003,-36800000000.00167,449.8991290698618,,,,,,,,,,,0.0,0.0,,,,,,,,,,
11,Storage,onshore only,min costs,2008,\\Soliscom.uu.nl\geo\USERS\StaffUsers\6574114\EhubResults\MES NorthSea\20250515\2040\20250603185454_Battery_on_costs_cy2008_co2_tax100-1,32076678356.19012,70254491.76979919,7025449176.978949,100,0,83303562.0875737,182720.8,534908731.5406406,18653.26215092163,50227818.36386615,63280,133531380.4514399,534908731.5406406,19625539.30603988,851,0,662010,4012691747.846953,18653.26215092163,0,89994178,0,0,968962213.0009006,11891,865987336.9966519,89482.0,0,258578,1530936615.922421,12214.97639714144,368528708.0758591,17042,2223103797.379452,5543628363.769375,1109033996.409762,1590683089.249759,3095567647.732916,0,3095567.647732916,0,13520489258.33961,0,338012231.4584902,0,0,0.0,0,0.0,36800000000.0,25998141260.88236,6078537095.310016,68876678356.19238,152050605.0697992,81796113.3,70254491.76979919,-81796113.30000006,-36800000000.00226,449.8991290698618,,,,,,,,,,,0.0,0.0,,,,,,,,,,
12,Storage,onshore only,min costs,2009,\\Soliscom.uu.nl\geo\USERS\StaffUsers\6574114\EhubResults\MES NorthSea\20250515\2040\20250603202718_Battery_on_costs_cy2009_co2_tax100-1,35126262403.80495,76184503.68125844,7618450368.124915,100,0,83303562.0875737,182720.8,537730664.4496115,19259.68938202109,50227818.36386615,63280,133531380.4514399,537730664.4496115,15819408.77421414,851,0,662010,4139778086.094218,19259.68938202109,0,89994178,0,0,1121379610.979922,11891,964583056.1441185,89482.0,0,258578,3208488701.563259,25563.89094142772,338720714.0184915,17042,2440502789.916746,7348266787.657476,1059610717.597449,1594466467.182379,1987935664.663719,0,1987935.664663719,0,15059844748.54205,0,376496118.7135513,0,0,0.0,0,0.0,36800000000.0,27240264951.69887,7885997452.107088,71926262403.80595,157980616.9812585,81796113.3,76184503.68125845,-81796113.30000001,-36800000000.00099,449.8991290698618,,,,,,,,,,,0.0,0.0,-1.472365554317581e-11,0.0,,,,,,,,
